-- =============================================
-- 运动会管理系统 测试数据
-- =============================================

-- 清空相关表（按外键约束顺序）
SET FOREIGN_KEY_CHECKS = 0;

TRUNCATE TABLE results;
TRUNCATE TABLE schedules;
TRUNCATE TABLE registrations;
TRUNCATE TABLE events;
TRUNCATE TABLE athletes;
TRUNCATE TABLE announcements;
TRUNCATE TABLE users;

SET FOREIGN_KEY_CHECKS = 1;

-- =============================================
-- 1. 用户数据
-- =============================================

-- 管理员
INSERT INTO users (username, password_hash, role, name, student_id, phone, created_at) VALUES
('admin', '$pbkdf2-sha256$60000$abc123$xyz', 'admin', '系统管理员', 'ADMIN001', '13800000000', '2024-01-01 08:00:00');

-- 教师用户
INSERT INTO users (username, password_hash, role, name, student_id, phone, created_at) VALUES
('teacher1', '$pbkdf2-sha256$60000$abc123$xyz', 'teacher', '张老师', 'T001', '13800000001', '2024-01-05 09:00:00'),
('teacher2', '$pbkdf2-sha256$60000$abc123$xyz', 'teacher', '李老师', 'T002', '13800000002', '2024-01-05 09:30:00'),
('teacher3', '$pbkdf2-sha256$60000$abc123$xyz', 'teacher', '王老师', 'T003', '13800000003', '2024-01-05 10:00:00');

-- 运动员用户
INSERT INTO users (username, password_hash, role, name, student_id, phone, created_at) VALUES
('athlete001', '$pbkdf2-sha256$60000$abc123$xyz', 'athlete', '王小明', '2024001001', '13900001001', '2024-02-01 10:00:00'),
('athlete002', '$pbkdf2-sha256$60000$abc123$xyz', 'athlete', '李小红', '2024001002', '13900001002', '2024-02-01 10:15:00'),
('athlete003', '$pbkdf2-sha256$60000$abc123$xyz', 'athlete', '张小刚', '2024001003', '13900001003', '2024-02-01 10:30:00'),
('athlete004', '$pbkdf2-sha256$60000$abc123$xyz', 'athlete', '刘小丽', '2024001004', '13900001004', '2024-02-01 10:45:00'),
('athlete005', '$pbkdf2-sha256$60000$abc123$xyz', 'athlete', '陈小强', '2024001005', '13900001005', '2024-02-01 11:00:00'),
('athlete006', '$pbkdf2-sha256$60000$abc123$xyz', 'athlete', '赵小芳', '2024001006', '13900001006', '2024-02-01 11:15:00'),
('athlete007', '$pbkdf2-sha256$60000$abc123$xyz', 'athlete', '孙小杰', '2024001007', '13900001007', '2024-02-01 11:30:00'),
('athlete008', '$pbkdf2-sha256$60000$abc123$xyz', 'athlete', '周小华', '2024001008', '13900001008', '2024-02-01 11:45:00'),
('athlete009', '$pbkdf2-sha256$60000$abc123$xyz', 'athlete', '吴小军', '2024001009', '13900001009', '2024-02-01 12:00:00'),
('athlete010', '$pbkdf2-sha256$60000$abc123$xyz', 'athlete', '郑小燕', '2024001010', '13900001010', '2024-02-01 12:15:00'),
('athlete011', '$pbkdf2-sha256$60000$abc123$xyz', 'athlete', '马小超', '2024001011', '13900001011', '2024-02-01 12:30:00'),
('athlete012', '$pbkdf2-sha256$60000$abc123$xyz', 'athlete', '朱小玲', '2024001012', '13900001012', '2024-02-01 12:45:00'),
('athlete013', '$pbkdf2-sha256$60000$abc123$xyz', 'athlete', '胡小斌', '2024001013', '13900001013', '2024-02-01 13:00:00'),
('athlete014', '$pbkdf2-sha256$60000$abc123$xyz', 'athlete', '林小梅', '2024001014', '13900001014', '2024-02-01 13:15:00'),
('athlete015', '$pbkdf2-sha256$60000$abc123$xyz', 'athlete', '郭小峰', '2024001015', '13900001015', '2024-02-01 13:30:00'),
('athlete016', '$pbkdf2-sha256$60000$abc123$xyz', 'athlete', '何小霞', '2024001016', '13900001016', '2024-02-01 13:45:00'),
('athlete017', '$pbkdf2-sha256$60000$abc123$xyz', 'athlete', '高小鹏', '2024001017', '13900001017', '2024-02-01 14:00:00'),
('athlete018', '$pbkdf2-sha256$60000$abc123$xyz', 'athlete', '罗小丹', '2024001018', '13900001018', '2024-02-01 14:15:00'),
('athlete019', '$pbkdf2-sha256$60000$abc123$xyz', 'athlete', '宋小勇', '2024001019', '13900001019', '2024-02-01 14:30:00'),
('athlete020', '$pbkdf2-sha256$60000$abc123$xyz', 'athlete', '韩小娟', '2024001020', '13900001020', '2024-02-01 14:45:00');

-- =============================================
-- 2. 运动员数据
-- =============================================

INSERT INTO athletes (name, student_id, gender, class_name, phone, created_at) VALUES
('王小明', '2024001001', '男', '计算机2401班', '13900001001', '2024-02-01 10:00:00'),
('李小红', '2024001002', '女', '计算机2402班', '13900001002', '2024-02-01 10:15:00'),
('张小刚', '2024001003', '男', '软件工程2401班', '13900001003', '2024-02-01 10:30:00'),
('刘小丽', '2024001004', '女', '软件工程2402班', '13900001004', '2024-02-01 10:45:00'),
('陈小强', '2024001005', '男', '信息安全2401班', '13900001005', '2024-02-01 11:00:00'),
('赵小芳', '2024001006', '女', '信息安全2402班', '13900001006', '2024-02-01 11:15:00'),
('孙小杰', '2024001007', '男', '数据科学2401班', '13900001007', '2024-02-01 11:30:00'),
('周小华', '2024001008', '女', '人工智能2401班', '13900001008', '2024-02-01 11:45:00'),
('吴小军', '2024001009', '男', '物联网2401班', '13900001009', '2024-02-01 12:00:00'),
('郑小燕', '2024001010', '女', '计算机2401班', '13900001010', '2024-02-01 12:15:00'),
('马小超', '2024001011', '男', '计算机2402班', '13900001011', '2024-02-01 12:30:00'),
('朱小玲', '2024001012', '女', '软件工程2401班', '13900001012', '2024-02-01 12:45:00'),
('胡小斌', '2024001013', '男', '软件工程2402班', '13900001013', '2024-02-01 13:00:00'),
('林小梅', '2024001014', '女', '信息安全2401班', '13900001014', '2024-02-01 13:15:00'),
('郭小峰', '2024001015', '男', '信息安全2402班', '13900001015', '2024-02-01 13:30:00'),
('何小霞', '2024001016', '女', '数据科学2401班', '13900001016', '2024-02-01 13:45:00'),
('高小鹏', '2024001017', '男', '人工智能2401班', '13900001017', '2024-02-01 14:00:00'),
('罗小丹', '2024001018', '女', '物联网2401班', '13900001018', '2024-02-01 14:15:00'),
('宋小勇', '2024001019', '男', '计算机2401班', '13900001019', '2024-02-01 14:30:00'),
('韩小娟', '2024001020', '女', '计算机2402班', '13900001020', '2024-02-01 14:45:00');

-- =============================================
-- 3. 比赛项目数据
-- =============================================

INSERT INTO events (name, event_type, gender, max_participants, location, created_at) VALUES
-- 男子径赛
('男子100米', '径赛', 'male', 20, '田径场', '2024-03-01 08:00:00'),
('男子200米', '径赛', 'male', 16, '田径场', '2024-03-01 08:10:00'),
('男子400米', '径赛', 'male', 12, '田径场', '2024-03-01 08:20:00'),
('男子800米', '径赛', 'male', 12, '田径场', '2024-03-01 08:30:00'),
('男子1500米', '径赛', 'male', 10, '田径场', '2024-03-01 08:40:00'),
('男子4x100米接力', '径赛', 'male', 8, '田径场', '2024-03-01 08:50:00'),

-- 女子径赛
('女子100米', '径赛', 'female', 20, '田径场', '2024-03-01 09:00:00'),
('女子200米', '径赛', 'female', 16, '田径场', '2024-03-01 09:10:00'),
('女子400米', '径赛', 'female', 12, '田径场', '2024-03-01 09:20:00'),
('女子800米', '径赛', 'female', 12, '田径场', '2024-03-01 09:30:00'),
('女子4x100米接力', '径赛', 'female', 8, '田径场', '2024-03-01 09:40:00'),

-- 男子田赛
('男子跳高', '田赛', 'male', 15, '田赛区', '2024-03-01 10:00:00'),
('男子跳远', '田赛', 'male', 15, '田赛区', '2024-03-01 10:10:00'),
('男子铅球', '田赛', 'male', 12, '田赛区', '2024-03-01 10:20:00'),

-- 女子田赛
('女子跳高', '田赛', 'female', 15, '田赛区', '2024-03-01 10:30:00'),
('女子跳远', '田赛', 'female', 15, '田赛区', '2024-03-01 10:40:00'),
('女子铅球', '田赛', 'female', 12, '田赛区', '2024-03-01 10:50:00');

-- =============================================
-- 4. 报名数据
-- =============================================

INSERT INTO registrations (athlete_id, event_id, status, created_at) VALUES
-- 男子100米 (8人)
(1, 1, 'registered', '2024-03-05 14:00:00'),
(3, 1, 'registered', '2024-03-05 14:10:00'),
(5, 1, 'registered', '2024-03-05 14:20:00'),
(7, 1, 'registered', '2024-03-05 14:30:00'),
(9, 1, 'registered', '2024-03-05 14:40:00'),
(11, 1, 'registered', '2024-03-05 14:50:00'),
(13, 1, 'registered', '2024-03-05 15:00:00'),
(15, 1, 'registered', '2024-03-05 15:10:00'),

-- 女子100米 (8人)
(2, 7, 'registered', '2024-03-05 14:05:00'),
(4, 7, 'registered', '2024-03-05 14:15:00'),
(6, 7, 'registered', '2024-03-05 14:25:00'),
(8, 7, 'registered', '2024-03-05 14:35:00'),
(10, 7, 'registered', '2024-03-05 14:45:00'),
(12, 7, 'registered', '2024-03-05 14:55:00'),
(14, 7, 'registered', '2024-03-05 15:05:00'),
(16, 7, 'registered', '2024-03-05 15:15:00'),

-- 男子200米 (6人)
(1, 2, 'registered', '2024-03-05 15:20:00'),
(3, 2, 'registered', '2024-03-05 15:25:00'),
(5, 2, 'registered', '2024-03-05 15:30:00'),
(7, 2, 'registered', '2024-03-05 15:35:00'),
(9, 2, 'registered', '2024-03-05 15:40:00'),
(11, 2, 'registered', '2024-03-05 15:45:00'),

-- 女子200米 (6人)
(2, 8, 'registered', '2024-03-05 15:50:00'),
(4, 8, 'registered', '2024-03-05 15:55:00'),
(6, 8, 'registered', '2024-03-05 16:00:00'),
(8, 8, 'registered', '2024-03-05 16:05:00'),
(10, 8, 'registered', '2024-03-05 16:10:00'),
(12, 8, 'registered', '2024-03-05 16:15:00'),

-- 男子跳远 (8人)
(1, 13, 'registered', '2024-03-05 16:20:00'),
(3, 13, 'registered', '2024-03-05 16:25:00'),
(5, 13, 'registered', '2024-03-05 16:30:00'),
(7, 13, 'registered', '2024-03-05 16:35:00'),
(9, 13, 'registered', '2024-03-05 16:40:00'),
(11, 13, 'registered', '2024-03-05 16:45:00'),
(13, 13, 'registered', '2024-03-05 16:50:00'),
(15, 13, 'registered', '2024-03-05 16:55:00'),

-- 女子跳远 (8人)
(2, 16, 'registered', '2024-03-05 17:00:00'),
(4, 16, 'registered', '2024-03-05 17:05:00'),
(6, 16, 'registered', '2024-03-05 17:10:00'),
(8, 16, 'registered', '2024-03-05 17:15:00'),
(10, 16, 'registered', '2024-03-05 17:20:00'),
(12, 16, 'registered', '2024-03-05 17:25:00'),
(14, 16, 'registered', '2024-03-05 17:30:00'),
(16, 16, 'registered', '2024-03-05 17:35:00'),

-- 男子800米 (6人)
(17, 4, 'registered', '2024-03-05 17:40:00'),
(19, 4, 'registered', '2024-03-05 17:45:00'),
(1, 4, 'registered', '2024-03-05 17:50:00'),
(3, 4, 'registered', '2024-03-05 17:55:00'),
(5, 4, 'registered', '2024-03-05 18:00:00'),
(7, 4, 'registered', '2024-03-05 18:05:00'),

-- 女子800米 (6人)
(18, 10, 'registered', '2024-03-05 18:10:00'),
(20, 10, 'registered', '2024-03-05 18:15:00'),
(2, 10, 'registered', '2024-03-05 18:20:00'),
(4, 10, 'registered', '2024-03-05 18:25:00'),
(6, 10, 'registered', '2024-03-05 18:30:00'),
(8, 10, 'registered', '2024-03-05 18:35:00');

-- =============================================
-- 5. 赛程数据
-- =============================================

INSERT INTO schedules (event_id, start_time, end_time, location, status, created_at) VALUES
-- 第一天赛程
(1, '2024-04-15 09:00:00', '2024-04-15 09:40:00', '田径场', 'completed', '2024-04-01 08:00:00'),
(7, '2024-04-15 10:00:00', '2024-04-15 10:40:00', '田径场', 'completed', '2024-04-01 08:10:00'),
(2, '2024-04-15 11:00:00', '2024-04-15 11:30:00', '田径场', 'completed', '2024-04-01 08:20:00'),
(8, '2024-04-15 14:00:00', '2024-04-15 14:30:00', '田径场', 'completed', '2024-04-01 08:30:00'),
(13, '2024-04-15 15:00:00', '2024-04-15 16:30:00', '田赛区', 'completed', '2024-04-01 08:40:00'),
(16, '2024-04-15 16:00:00', '2024-04-15 17:30:00', '田赛区', 'completed', '2024-04-01 08:50:00'),

-- 第二天赛程
(3, '2024-04-16 09:00:00', '2024-04-16 09:40:00', '田径场', 'scheduled', '2024-04-01 09:00:00'),
(9, '2024-04-16 10:00:00', '2024-04-16 10:40:00', '田径场', 'scheduled', '2024-04-01 09:10:00'),
(4, '2024-04-16 11:00:00', '2024-04-16 12:00:00', '田径场', 'scheduled', '2024-04-01 09:20:00'),
(10, '2024-04-16 14:00:00', '2024-04-16 15:00:00', '田径场', 'scheduled', '2024-04-01 09:30:00'),
(14, '2024-04-16 15:00:00', '2024-04-16 16:30:00', '田赛区', 'scheduled', '2024-04-01 09:40:00'),
(17, '2024-04-16 16:00:00', '2024-04-16 17:30:00', '田赛区', 'scheduled', '2024-04-01 09:50:00');

-- =============================================
-- 6. 成绩数据
-- =============================================

INSERT INTO results (schedule_id, athlete_id, rank, score, remarks, created_at) VALUES
-- 男子100米成绩 (已完成)
(1, 1, 1, '11.23秒', '破校纪录', '2024-04-15 09:45:00'),
(1, 3, 2, '11.56秒', '', '2024-04-15 09:46:00'),
(1, 5, 3, '11.78秒', '', '2024-04-15 09:47:00'),
(1, 7, 4, '11.89秒', '', '2024-04-15 09:48:00'),
(1, 9, 5, '12.01秒', '', '2024-04-15 09:49:00'),
(1, 11, 6, '12.15秒', '', '2024-04-15 09:50:00'),
(1, 13, 7, '12.34秒', '', '2024-04-15 09:51:00'),
(1, 15, 8, '12.56秒', '', '2024-04-15 09:52:00'),

-- 女子100米成绩 (已完成)
(2, 2, 1, '12.45秒', '', '2024-04-15 10:45:00'),
(2, 4, 2, '12.67秒', '', '2024-04-15 10:46:00'),
(2, 6, 3, '12.89秒', '', '2024-04-15 10:47:00'),
(2, 8, 4, '13.01秒', '', '2024-04-15 10:48:00'),
(2, 10, 5, '13.23秒', '', '2024-04-15 10:49:00'),
(2, 12, 6, '13.45秒', '', '2024-04-15 10:50:00'),
(2, 14, 7, '13.67秒', '', '2024-04-15 10:51:00'),
(2, 16, 8, '13.89秒', '', '2024-04-15 10:52:00'),

-- 男子200米成绩 (已完成)
(3, 1, 1, '22.45秒', '', '2024-04-15 11:35:00'),
(3, 3, 2, '22.78秒', '', '2024-04-15 11:36:00'),
(3, 5, 3, '23.01秒', '', '2024-04-15 11:37:00'),
(3, 7, 4, '23.34秒', '', '2024-04-15 11:38:00'),
(3, 9, 5, '23.56秒', '', '2024-04-15 11:39:00'),
(3, 11, 6, '23.89秒', '', '2024-04-15 11:40:00'),

-- 女子200米成绩 (已完成)
(4, 2, 1, '25.12秒', '', '2024-04-15 14:35:00'),
(4, 4, 2, '25.45秒', '', '2024-04-15 14:36:00'),
(4, 6, 3, '25.78秒', '', '2024-04-15 14:37:00'),
(4, 8, 4, '26.01秒', '', '2024-04-15 14:38:00'),
(4, 10, 5, '26.34秒', '', '2024-04-15 14:39:00'),
(4, 12, 6, '26.67秒', '', '2024-04-15 14:40:00'),

-- 男子跳远成绩 (已完成)
(5, 1, 1, '6.85米', '破校纪录', '2024-04-15 16:35:00'),
(5, 3, 2, '6.52米', '', '2024-04-15 16:36:00'),
(5, 5, 3, '6.34米', '', '2024-04-15 16:37:00'),
(5, 7, 4, '6.12米', '', '2024-04-15 16:38:00'),
(5, 9, 5, '5.98米', '', '2024-04-15 16:39:00'),
(5, 11, 6, '5.76米', '', '2024-04-15 16:40:00'),
(5, 13, 7, '5.54米', '', '2024-04-15 16:41:00'),
(5, 15, 8, '5.32米', '', '2024-04-15 16:42:00'),

-- 女子跳远成绩 (已完成)
(6, 2, 1, '5.45米', '', '2024-04-15 17:35:00'),
(6, 4, 2, '5.23米', '', '2024-04-15 17:36:00'),
(6, 6, 3, '5.01米', '', '2024-04-15 17:37:00'),
(6, 8, 4, '4.89米', '', '2024-04-15 17:38:00'),
(6, 10, 5, '4.67米', '', '2024-04-15 17:39:00'),
(6, 12, 6, '4.45米', '', '2024-04-15 17:40:00'),
(6, 14, 7, '4.23米', '', '2024-04-15 17:41:00'),
(6, 16, 8, '4.01米', '', '2024-04-15 17:42:00');

-- =============================================
-- 7. 公告数据
-- =============================================

INSERT INTO announcements (title, content, publisher, is_published, created_at) VALUES
('2024年春季运动会报名通知', '各位同学，2024年春季运动会将于4月15-16日在校田径场举行，欢迎大家积极报名参加！请登录系统选择感兴趣的项目进行报名。报名截止日期：4月10日。', '系统管理员', 1, '2024-03-01 08:00:00'),
('运动会赛程安排', '本次运动会共设17个比赛项目，包括男子100米、200米、400米、800米、1500米、4x100米接力，以及女子相应项目，还有跳高、跳远、铅球等田赛项目。', '系统管理员', 1, '2024-03-10 10:00:00'),
('比赛规则说明', '1. 所有参赛运动员必须提前10分钟到检录处检录；2. 田赛项目每人最多参加3项；3. 径赛项目每人最多参加2项；4. 如遇天气原因比赛顺延；5. 最终解释权归运动会组委会所有。', '系统管理员', 1, '2024-04-01 08:00:00'),
('第一天比赛成绩公报', '男子100米决赛：王小明以11.23秒的成绩获得第一名，并打破校纪录！女子100米决赛，李小红获得第一名。男子200米、女子200米、男子跳远、女子跳远等项目均已产生名次。详细成绩请登录系统查看。', '系统管理员', 1, '2024-04-15 18:00:00'),
('第二天比赛即将开始', '明天将进行男子400米、800米、1500米、4x100米接力以及女子相应项目的比赛，同时田赛项目包括跳高、铅球等。请参赛运动员做好热身，注意比赛时间。', '系统管理员', 1, '2024-04-15 20:00:00');

-- =============================================
-- 数据插入完成
-- =============================================

SELECT '数据插入完成！' AS result;
SELECT COUNT(*) AS user_count FROM users;
SELECT COUNT(*) AS athlete_count FROM athletes;
SELECT COUNT(*) AS event_count FROM events;
SELECT COUNT(*) AS registration_count FROM registrations;
SELECT COUNT(*) AS schedule_count FROM schedules;
SELECT COUNT(*) AS result_count FROM results;
SELECT COUNT(*) AS announcement_count FROM announcements;
